codigo_comuna;median_y1;pct_iae_2;pct_iai_2;pct_oficio1_9.0;count_hacinamiento_1;count_hacinamiento_2;count_hacinamiento_3;count_hacinamiento_4;count_hacinamiento_9;pct_trabajo_informal;pct_o25c_1.0;densidad;poblacion;comuna;region;casos_totales
1101;370000.0;13.587.605.608.882.200;33.541.049.232.538.500;1.859.267.734.553.770;153644.0;15856.0;5212.0;5343.0;801.0;2.661.804.680.766.420;4.411.367.465.433.930;85.4;191468;Iquique;Tarapacá;812.0
1107;330000.0;12.270.518.464.846.300;3.318.080.506.572.360;21.954.296.929.763.000;104432.0;15637.0;5109.0;1617.0;176.0;3.197.286.379.204.350;533.125.028.302.314;189.2;108375;Alto Hospicio;Tarapacá;504.0
1401;300000.0;46.932.035.459.760.100;261.602.642.099.774;21.421.091.997.008.200;10795.0;5376.0;563.0;477.0;48.0;2.777.951.769.495.770;17.492.041.032.897.000;1.14;15711;Pozo Almonte;Tarapacá;20.0
1402;350000.0;0.0;2.259.615.384.615.380;13.445.378.151.260.500;665.0;111.0;0.0;45.0;11.0;6.733.333.333.333.330;6.547.619.047.619.040;0.57;1250;Camina;Tarapacá;0.0
1404;350000.0;1.261.467.889.908.250;2.319.380.733.944.950;1.740.013.540.961.400;2530.0;629.0;119.0;210.0;0.0;6.629.055.007.052.180;0.0;0.26;2730;Huara;Tarapacá;18.0
1405;300000.0;8.803.570.336.858.830;17.056.917.527.663.900;2.253.449.803.772.620;14942.0;615.0;0.0;650.0;150.0;4.932.371.505.861.130;18.143.289.606.458.100;01.04;9296;Pica;Tarapacá;37.0
2101;400000.0;15.315.882.659.618.900;2.852.519.266.803.280;14.967.120.553.837.300;349492.0;27094.0;5246.0;2345.0;3277.0;19.308.308.673.503.800;46.774.515.540.563.700;11.8;361873;Antofagasta;Antofagasta;1140.0
2102;400000.0;8.508.109.026.067.750;2.509.127.961.280.460;2.348.599.545.798.630;9684.0;1761.0;0.0;48.0;284.0;1.319.622.964.867.180;13.222.821.896.684.600;3.54;13467;Mejillones;Antofagasta;226.0
2103;400000.0;7.608.178.792.201.610;6.894.912.030.432.710;29.688.972.667.295.000;1846.0;193.0;64.0;0.0;0.0;48.144.433.299.899.600;57.655.954.631.379.900;0.79;10186;Sierra Gorda;Antofagasta;11.0
2104;500000.0;0.0;3.874.160.882.921.830;11.905.483.186.913.000;7629.0;849.0;32.0;128.0;151.0;2.685.830.429.732.860;3.554.256.010.396.360;0.65;13317;Taltal;Antofagasta;23.0
2201;550000.0;12.535.367.964.178.700;1.272.628.629.508.550;1.850.988.437.150.310;132633.0;6363.0;2655.0;1646.0;2315.0;13.232.032.854.209.400;37.246.170.288.564.200;10.6;165731;Calama;Antofagasta;254.0
2203;400000.0;6.637.214.683.917.110;3.786.683.496.371.090;11.023.466.771.839.800;9372.0;135.0;0.0;0.0;0.0;20.417.257.443.791.700;53.952.321.204.516.900;0.47;10996;San Pedro de Atacama;Antofagasta;5.0
2301;350000.0;11.880.714.437.593.000;1.891.345.949.394.000;1.759.049.018.298.380;17285.0;1130.0;0.0;100.0;297.0;4.184.106.141.430.720;3.459.836.623.553.430;6.24;25186;Tocopilla;Antofagasta;25.0
2302;500000.0;0.0;2.775.055.679.287.300;2.374.616.171.954.960;1629.0;466.0;150.0;0.0;0.0;33.950.617.283.950.600;1.562.829.989.440.330;0.53;6457;Maria Elena;Antofagasta;132.0
3101;420000.0;8.670.693.497.121.260;27.194.679.154.365.600;18.043.719.376.079.200;159655.0;13243.0;1843.0;1745.0;328.0;19.091.344.140.695.100;3.662.573.580.606.360;9.23;153937;Copiapo;Atacama;96.0
3102;350000.0;4.820.890.525.610.980;16.712.420.488.784.700;1.968.359.700.249.790;12905.0;1982.0;48.0;0.0;0.0;4.024.740.050.197.200;19.256.614.867.702.600;3.79;17662;Caldera;Atacama;5.0
3103;350000.0;9.554.392.641.928.320;2.984.459.245.163.330;29.880.335.774.245.400;11345.0;1083.0;184.0;0.0;0.0;28.998.649.430.831.500;18.779.677.113.010.400;1.25;14019;Tierra Amarilla;Atacama;23.0
3201;420000.0;2.131.249.444.987.120;24.482.727.999.289.500;1.569.222.981.523.660;10488.0;395.0;378.0;0.0;0.0;21.817.162.086.371.200;2.712.378.640.776.690;2.12;12219;Chanaral;Atacama;0.0
3202;500000.0;1.281.894.762.544.250;11.048.712.000.976.600;11.555.555.555.555.500;7194.0;743.0;100.0;85.0;69.0;24.686.998.394.863.500;12.724.434.035.909.400;0.75;13925;Diego de Almagro;Atacama;5.0
3301;370000.0;22.476.936.627.880.000;313.244.633.999.351;25.037.648.502.426.200;37740.0;3107.0;1552.0;620.0;123.0;26.893.782.842.297.900;4.029.793.735.676.080;7.33;51917;Vallenar;Atacama;46.0
3302;270000.0;14.610.024.724.657.200;21.847.606.203.641.200;389.354.066.985.646;4325.0;0.0;0.0;0.0;124.0;4.505.874.222.529.370;10.674.157.303.370.700;0.89;5299;Alto del Carmen;Atacama;0.0
3303;340000.0;58.782.487.353.915.900;4.615.384.615.384.610;2.761.767.531.219.980;4869.0;375.0;279.0;210.0;0.0;3.652.501.344.809.030;34.089.586.969.168.100;2.19;7041;Freirina;Atacama;1.0
3304;400000.0;2.764.376.059.460.160;4.824.618.594.340.850;16.170.525.542.080.100;7310.0;359.0;0.0;0.0;0.0;2.644.490.644.490.640;3.504.835.589.941.970;6.34;10149;Huasco;Atacama;1.0
4101;370000.0;10.084.232.758.477.300;2.982.696.113.485.550;2.138.287.342.169.430;219367.0;13040.0;5192.0;1992.0;933.0;2.781.566.388.378.480;5.233.275.901.832.830;116.8;221054;La Serena;Coquimbo;89.0
4102;300000.0;17.221.266.886.026.500;2.335.438.747.333.780;24.879.486.734.870.800;214889.0;17440.0;7044.0;1734.0;809.0;3.001.321.297.588.320;5.698.955.170.106.540;159.4;227730;Coquimbo;Coquimbo;67.0
4103;300000.0;16.627.954.638.611.800;3.139.773.193.059.160;17.334.458.034.584.500;6573.0;475.0;64.0;0.0;207.0;23.617.868.199.911.500;21.467.391.304.347.800;35.7;11044;Andacollo;Coquimbo;4.0
4104;300000.0;0.0;3.796.419.983.970.070;17.011.019.283.746.500;3140.0;583.0;20.0;0.0;0.0;6.452.312.138.728.320;5.154.639.175.257.730;01.02;4241;La Higuera;Coquimbo;0.0
4105;274000.0;0.0;2.753.910.552.985.230;4.562.118.126.272.910;4299.0;0.0;160.0;0.0;80.0;2.127.490.039.840.630;3.526.275.704.493.520;03.01;4497;Paiguano;Coquimbo;0.0
4106;274000.0;0.0;18.731.725.840.136.600;5.049.199.305.421.570;23612.0;2723.0;0.0;0.0;0.0;22.388.815.722.824.400;14.488.188.976.377.900;3.65;27771;Vicuna;Coquimbo;10.0
4201;300000.0;42.247.444.577.193.600;2.370.569.494.225.400;2.485.149.392.676.650;25321.0;3643.0;1128.0;0.0;40.0;23.224.458.792.252.100;2.718.359.179.589.790;11.7;30848;Illapel;Coquimbo;19.0
4202;270000.0;24.073.314.184.106.100;13.363.424.976.063.400;23.639.240.506.329.100;6990.0;321.0;0.0;0.0;0.0;6.311.158.042.942.620;4.416.575.790.621.590;4.14;9093;Canela;Coquimbo;2.0
4203;287000.0;0.0;22.505.800.464.037.100;2.039.892.315.222.710;18160.0;337.0;0.0;0.0;36.0;4.995.561.192.136.960;19.318.181.818.181.800;11.7;21382;Los Vilos;Coquimbo;1.0
4204;276000.0;6.958.259.132.172.170;3.417.452.113.104.280;3.229.445.776.336.200;19031.0;2864.0;1128.0;0.0;0.0;16.969.953.449.005.400;17.610.677.083.333.300;8.52;29347;Salamanca;Coquimbo;11.0
4301;280000.0;10.120.331.084.370.800;33.738.784.169.159.000;3.085.759.805.462.960;107655.0;5676.0;722.0;963.0;0.0;2.513.157.894.736.840;3.492.772.986.760.590;29.0;111272;Ovalle;Coquimbo;59.0
4302;270000.0;18.630.186.301.863.000;2.861.128.611.286.110;2.692.307.692.307.690;10222.0;889.0;0.0;0.0;0.0;4.369.912.994.667.410;10.726.511.981.742.100;5.9;13322;Combarbala;Coquimbo;6.0
4303;280000.0;34.382.064.807.837.200;2.996.734.488.821.900;5.038.638.605.721.800;28467.0;3381.0;0.0;0.0;0.0;4.532.927.550.934.140;10.877.461.288.472.500;07.04;30751;Monte Patria;Coquimbo;17.0
4304;300000.0;0.0;925.570.688.662.958;15.883.211.678.832.100;8709.0;1402.0;315.0;0.0;0.0;4.869.751.762.182.040;2.253.267.237.494.360;8.18;10956;Punitaqui;Coquimbo;10.0
4305;270000.0;6.155.778.894.472.360;17.814.070.351.758.700;37.681.159.420.289.800;3539.0;441.0;0.0;0.0;0.0;5.513.157.894.736.840;2.203.636.363.636.360;1.96;4278;Rio Hurtado;Coquimbo;2.0
5101;300000.0;5.099.275.637.060.240;2.433.620.018.757.600;20.292.914.866.627.000;229727.0;14651.0;2340.0;3137.0;710.0;33.057.040.026.175.100;6.370.045.807.608.040;738.7;296655;Valparaiso;Valparaíso;354.0
5102;270000.0;2.348.163.841.807.900;2.762.770.715.630.880;2.375.821.136.337.440;33263.0;425.0;0.0;0.0;296.0;3.056.939.277.381.920;17.883.403.361.344.500;28.2;26867;Casablanca;Valparaíso;21.0
5103;275000.0;41.649.276.998.993.400;3.331.696.658.728.790;2.442.866.651.874.860;72829.0;8368.0;0.0;0.0;269.0;21.581.486.269.193.100;5.046.654.461.702.000;554.6;42152;Concon;Valparaíso;43.0
5105;260000.0;0.0;2.309.075.583.028.940;31.816.586.735.290.600;14654.0;1438.0;1111.0;592.0;0.0;4.945.692.605.267.070;4.770.005.443.658.130;61.8;18546;Puchuncavi;Valparaíso;4.0
5107;350000.0;7.598.697.161.673.640;20.795.304.055.263.200;24.190.395.240.119;26839.0;0.0;0.0;1100.0;0.0;4.442.384.924.312.630;2.753.388.630.386.400;215.7;31923;Quintero;Valparaíso;33.0
5109;320000.0;25.844.101.709.045.400;2.536.006.381.969.490;17.051.970.402.328.400;259634.0;13308.0;2800.0;1604.0;938.0;2.959.808.286.063.040;566.172.611.614.818;2748.8;334248;Vina del Mar;Valparaíso;408.0
5301;300000.0;24.266.653.086.168.200;21.785.241.393.359.100;19.335.532.654.074.000;74177.0;3870.0;0.0;182.0;315.0;2.222.869.583.882.730;2.469.499.090.758.800;53.5;66708;Los Andes;Valparaíso;72.0
5302;250000.0;24.923.843.810.578.700;2.778.547.032.216.370;4.132.781.989.432.570;9019.0;1482.0;224.0;108.0;0.0;1.204.323.211.528.560;30.064.754.856.614.200;46.1;14832;Calle Larga;Valparaíso;20.0
5303;280000.0;9.877.704.609.595.480;3.381.937.911.571.020;4.816.369.359.916.050;8504.0;0.0;0.0;0.0;0.0;2.894.360.148.869.160;14.808.831.448.572.900;89.3;10207;Rinconada;Valparaíso;10.0
5304;250000.0;2.063.720.014.892.820;19.924.472.102.547.700;42.682.602.921.646.700;17693.0;460.0;648.0;0.0;0.0;5.950.366.610.265.080;26.176.590.261.765.900;27.7;18855;San Esteban;Valparaíso;14.0
5401;270000.0;9.142.229.105.260.520;2.494.879.352.550.330;2.773.642.881.529.530;37467.0;2567.0;0.0;0.0;0.0;2.887.681.670.664.590;29.720.661.672.908.800;30.4;35390;La Ligua;Valparaíso;8.0
5402;310000.0;347.594.830.401.717;12.032.846.545.047.300;3.046.411.225.040.470;19383.0;2050.0;0.0;0.0;0.0;19.360.245.844.391.600;2.619.529.668.275.960;13.3;19388;Cabildo;Valparaíso;11.0
5403;300000.0;0.0;20.473.917.490.623.900;19.739.776.951.672.800;5616.0;250.0;0.0;0.0;0.0;4.425.128.407.743.970;4.901.871.291.647.640;98.9;6356;Papudo;Valparaíso;4.0
5404;270000.0;11.313.639.220.615.900;31.259.166.142.887.000;3.478.376.935.397.750;9465.0;81.0;0.0;0.0;0.0;2.324.849.871.318.270;4.143.944.197.844.000;6.48;9826;Petorca;Valparaíso;10.0
5405;290000.0;13.537.227.375.282.000;2.480.571.571.822.510;1.495.575.221.238.930;7675.0;303.0;0.0;0.0;0.0;4.333.130.328.867.230;2.610.605.585.189.830;25.5;7339;Zapallar;Valparaíso;0.0
5501;270000.0;3.969.014.798.408.860;26.426.674.600.288.600;2.847.427.317.311.070;85138.0;3993.0;1510.0;0.0;112.0;21.990.981.616.371.800;4.410.403.701.930.740;299.5;90517;Quillota;Valparaíso;56.0
5502;280000.0;609.497.694.129.378;31.313.544.986.734.500;20.597.849.008.857.000;49689.0;5767.0;0.0;705.0;0.0;29.387.384.318.401.100;3.840.234.518.138.510;835.4;50544;Calera;Valparaíso;39.0
5503;270000.0;0.0;32.141.440.190.438.400;4.605.534.902.932.670;18601.0;1563.0;0.0;0.0;0.0;31.542.158.147.662.700;28.611.385.324.119.700;67.4;17988;Hijuelas;Valparaíso;5.0
5504;300000.0;1.278.969.957.081.540;26.975.679.542.203.100;3.098.674.521.354.930;15388.0;1803.0;284.0;0.0;0.0;20.288.135.593.220.300;5.372.340.425.531.910;283.3;22098;La Cruz;Valparaíso;24.0
5506;280000.0;6.313.286.007.711.430;4.834.420.381.247.520;3.687.022.900.763.350;23677.0;3261.0;648.0;0.0;165.0;3.422.847.399.829.490;3.145.808.019.441.060;54.6;22120;Nogales;Valparaíso;9.0
5601;300000.0;76.494.243.267.425.000;4.242.480.851.858.770;25.608.207.375.681.600;87982.0;11522.0;777.0;1426.0;0.0;23.056.176.101.999.600;5.247.193.118.786.670;225.6;91350;San Antonio;Valparaíso;280.0
5602;355000.0;0.0;15.919.929.718.875.500;8.416;14751.0;700.0;396.0;0.0;89.0;2.158.501.922.755.390;3.210.955.710.955.710;78.5;13817;Algarrobo;Valparaíso;32.0
5603;280000.0;0.0;2.572.087.658.592.840;1.961.149.961.149.960;28815.0;1530.0;0.0;0.0;0.0;44.601.421.354.568.000;3.680.177.455.132.080;92.4;22738;Cartagena;Valparaíso;31.0
5604;280000.0;0.0;2.923.497.267.759.560;2.468.795.007.201.150;17672.0;1360.0;0.0;0.0;0.0;21.166.101.694.915.200;4.426.556.489.528.420;312.8;15955;El Quisco;Valparaíso;30.0
5605;275000.0;0.0;2.688.585.352.460.700;175;13449.0;1120.0;0.0;0.0;0.0;2.938.812.785.388.120;26.599.457.153.935.600;134.2;13286;El Tabo;Valparaíso;29.0
5606;380000.0;5.037.447.419.718.880;24.510.105.673.540.500;2.796.827.021.494.370;9035.0;544.0;168.0;0.0;0.0;21.233.455.364.686.000;21.632.996.632.996.600;20.3;10900;Santo Domingo;Valparaíso;35.0
5701;320000.0;3.806.341.481.131.730;2.541.798.326.856.250;3.078.948.129.719.090;77520.0;3389.0;1036.0;654.0;0.0;2.313.215.722.686.470;2.879.643.086.490.680;413.1;76844;San Felipe;Valparaíso;72.0
5702;270000.0;8.632.504.096.529.120;24.087.591.240.875.900;4.188.877.229.800.620;11477.0;680.0;1041.0;228.0;0.0;4.201.077.199.281.860;2.501.176.470.588.230;38.7;13998;Catemu;Valparaíso;5.0
5703;270000.0;34.534.660.088.636.100;3.001.087.047.411.990;4.177.126.917.712.690;20438.0;2608.0;0.0;872.0;0.0;3.403.313.779.973.240;56.786.703.601.108.000;70.5;24608;Llaillay;Valparaíso;33.0
5704;290000.0;995.787.054.768.288;256.478.999.106.345;3.256.765.261.170.540;7479.0;270.0;0.0;84.0;0.0;21.215.106.732.348.100;1.872.160.934.458.140;59.7;7273;Panquehue;Valparaíso;3.0
5705;270000.0;6.508.742.244.782.850;3.534.122.955.442.750;4.048.233.169.976.780;14685.0;3045.0;0.0;0.0;0.0;30.960.648.148.148.100;3.759.118.654.161.080;11.4;16754;Putaendo;Valparaíso;21.0
5706;300000.0;14.311.058.545.239.500;2.467.310.598.593.860;4.334.975.369.458.120;13775.0;1294.0;0.0;150.0;0.0;29.636.612.958.519.000;3.806.737.588.652.480;91.7;15241;Santa Maria;Valparaíso;26.0
5801;320000.0;3.349.303.923.341.160;20.395.272.102.693.900;18.014.067.025.237.800;169377.0;5813.0;0.0;1660.0;142.0;3.085.542.006.029.780;5.505.819.430.516.300;282.6;151708;Quilpue;Valparaíso;124.0
5802;290000.0;8.097.631.623.785.990;2.929.374.680.524.790;4.180.377.207.062.600;41897.0;4435.0;620.0;0.0;0.0;30.274.356.103.023.500;3.627.853.881.278.530;156.9;46121;Limache;Valparaíso;68.0
5803;290000.0;0.0;2.681.318.681.318.680;6.099.042.989.518.450;16237.0;598.0;0.0;0.0;0.0;37.514.197.631.023.800;237.778.167.163.133;75.5;17516;Olmue;Valparaíso;6.0
5804;350000.0;3.265.143.758.925.830;2.024.819.526.955.200;43.361.395.989.591.300;147349.0;3589.0;1664.0;510.0;235.0;2.632.302.764.431.440;6.364.985.658.061.500;1304.6;126548;Villa Alemana;Valparaíso;109.0
6101;300000.0;2.129.225.694.069.760;2.298.908.603.227.940;2.252.902.125.134.440;238420.0;16015.0;4066.0;316.0;667.0;20.671.687.280.020.400;4.320.689.620.487.440;928.7;241744;Rancagua;O’Higgins;195.0
6102;300000.0;18.567.439.052.003.900;14.989.810.551.739.700;476.750.307.071.416;12909.0;340.0;0.0;0.0;0.0;841.003.428.983.938;2.266.594.711.279.000;45.3;12988;Codegua;O’Higgins;6.0
6103;270000.0;182.587.986.239.746;2.552.262.503.307.750;3.604.985.618.408.430;6468.0;920.0;0.0;170.0;0.0;37.350.565.428.109.800;2.484.349.258.649.090;75.1;7359;Coinco;O’Higgins;8.0
6104;300000.0;4.185.709.508.416.000;2.502.508.081.596.250;3.632.009.016.624.400;16424.0;1518.0;0.0;0.0;0.0;2.035.590.277.777.770;2.469.327.535.331.570;87.1;19597;Coltauco;O’Higgins;16.0
6105;380000.0;3.644.354.912.553.790;15.360.314.989.469.800;2.191.369.154.946.500;19851.0;1991.0;0.0;0.0;0.0;2.277.667.984.189.720;12.317.300.026.574.500;267.8;20887;Donihue;O’Higgins;20.0
6106;300000.0;57.987.804.878.048.700;2.340.548.780.487.800;4.011.133.724.410.390;29089.0;3196.0;320.0;195.0;0.0;2.257.318.443.137.510;22.221.525.731.837.200;295.9;33437;Graneros;O’Higgins;32.0
6107;275000.0;3.066.507.367.582.630;24.133.811.230.585.400;4.341.311.343.523.730;21722.0;3388.0;0.0;0.0;0.0;27.458.236.413.618.100;18.398.463.971.086.500;32.9;24640;Las Cabras;O’Higgins;13.0
6108;300000.0;7.829.199.824.873.160;25.050.864.044.914.800;26.515.318.492.395.800;34232.0;3485.0;1112.0;0.0;0.0;3.204.686.013.320.640;3.742.682.926.829.260;20.2;52505;Machali;O’Higgins;29.0
6109;270000.0;5.463.470.157.217.040;2.154.086.931.777.760;3.888.803.563.200.730;13342.0;335.0;268.0;0.0;112.0;3.500.818.330.605.560;2.729.093.640.460.690;118.7;13407;Malloa;O’Higgins;2.0
6110;290000.0;9.057.678.113.247.330;1.396.435.977.645.770;3.103.589.240.454.580;25865.0;2274.0;312.0;0.0;0.0;2.388.288.364.967.230;2.345.614.945.511.150;48.4;25343;Mostazal;O’Higgins;7.0
6111;298000.0;0.0;29.697.512.574.932.800;3.789.749.922.815.680;12075.0;1782.0;152.0;504.0;0.0;11.509.400.808.293.700;2.056.338.028.169.010;302.4;13608;Olivar;O’Higgins;16.0
6112;290000.0;14.773.237.539.290.500;2.937.969.080.762.070;42.497.959.183.673.400;13729.0;1461.0;399.0;0.0;0.0;28.934.951.129.086.600;9.110.128.771.862.380;93.5;14313;Peumo;O’Higgins;5.0
6113;270000.0;5.260.232.440.626.570;12.177.867.609.903.900;6.583.829.592.304.160;19250.0;540.0;0.0;0.0;0.0;21.747.598.026.486.600;9.971.188.776.149.310;61.6;19714;Pichidegua;O’Higgins;6.0
6114;270000.0;970.505.849.398.583;2.100.016.477.179.100;3.796.576.032.225.570;10464.0;1370.0;304.0;0.0;0.0;32.758.262.315.526.900;16.979.895.104.895.100;139.8;13002;Quinta de Tilcoco;O’Higgins;2.0
6115;270000.0;35.578.261.468.100.400;2.860.792.021.658.990;33.351.506.065.149.200;59387.0;3710.0;838.0;1442.0;0.0;20.978.070.332.343.500;2.300.810.938.579.580;77.9;58825;Rengo;O’Higgins;22.0
6116;275000.0;6.971.908.062.750.820;3.331.265.961.327.980;34.296.190.305.848.600;25279.0;1515.0;224.0;392.0;0.0;2.334.111.059.262.710;16.698.879.010.436.700;41.6;27968;Requinoa;O’Higgins;10.0
6117;300000.0;9.532.755.106.119.340;19.699.028.738.159;31.661.264.598.446.200;47507.0;2003.0;528.0;0.0;0.0;2.651.502.930.580.200;17.115.117.891.816.900;93.9;46766;San Vicente;O’Higgins;35.0
6201;320000.0;0.0;1.879.177.377.892.030;2.152.109.785.815.050;15560.0;0.0;0.0;0.0;0.0;3.731.439.638.476.430;305.642.144.638.404;21.9;16394;Pichilemu;O’Higgins;5.0
6202;300000.0;27.747.551.686.615.800;17.110.990.206.746.400;3.218.978.102.189.780;3636.0;0.0;40.0;0.0;0.0;2.473.895.582.329.310;28.363.047.001.620.700;6.99;3041;La Estrella;O’Higgins;0.0
6203;300000.0;4.005.907.328.779.760;2.392.468.155.805.790;27.320.954.907.161.800;5087.0;330.0;0.0;0.0;0.0;35.210.577.864.838.300;18.021.978.021.978.000;10.2;6294;Litueche;O’Higgins;11.0
6204;295000.0;54.310.344.827.586.200;1.350.985.221.674.870;3.457.683.741.648.100;7674.0;90.0;256.0;100.0;0.0;20.423.947.293.039.200;2.354.471.544.715.440;11.1;7308;Marchihue;O’Higgins;0.0
6205;270000.0;0.0;2.220.781.626.227.070;3.298.906.439.854.190;4637.0;255.0;54.0;453.0;0.0;5.516.039.051.603.900;8.575.689.783.743.470;22.1;6641;Navidad;O’Higgins;10.0
6206;280000.0;0.0;21.210.762.331.838.500;5.019.593.872.461.700;5565.0;682.0;232.0;211.0;0.0;19.599.666.388.657.200;21.577.123.050.259.900;11.0;6188;Paredones;O’Higgins;2.0
6301;280000.0;30.674.123.456.143.300;2.252.229.833.270.020;3.032.273.248.801.150;72720.0;3057.0;574.0;0.0;0.0;2.045.814.587.161.770;3.913.450.972.787.790;30.3;73973;San Fernando;O’Higgins;14.0
6302;272000.0;554.227.666.567.075;23.356.737.376.755.300;5.673.397.717.295.870;11143.0;2049.0;196.0;0.0;0.0;3.298.755.186.721.990;14.643.134.212.567.800;29.9;15037;Chepica;O’Higgins;6.0
6303;270000.0;37.616.749.021.736.000;3.232.412.670.303.610;4.499.669.141.974.850;31634.0;3085.0;292.0;0.0;0.0;19.801.345.722.524.800;3.002.498.828.674.050;71.1;35399;Chimbarongo;O’Higgins;6.0
6304;270000.0;59.379.217.273.954.100;16.824.111.560.953.600;5.336.071.695.294.990;6246.0;423.0;0.0;0.0;0.0;11.381.074.168.797.900;10.037.021.801.727.600;11.4;6811;Lolol;O’Higgins;3.0
6305;270000.0;822.617.777.528.216;3.041.158.964.568.470;4.315.245.478.036.170;16712.0;117.0;332.0;648.0;0.0;2.358.098.068.350.660;17.602.162.505.962.700;160.7;17833;Nancagua;O’Higgins;5.0
6306;274000.0;3.779.688.431.088.780;43.432.365.710.394.100;5.635.752.422.384.810;10319.0;1164.0;264.0;0.0;0.0;2.363.067.292.644.750;1.416.842.105.263.150;52.7;12482;Palmilla;O’Higgins;0.0
6307;300000.0;34.004.683.840.749.400;2.441.217.798.594.840;4.558.823.529.411.760;9470.0;1053.0;152.0;0.0;0.0;18.407.032.498.668.000;30.340.291.678.581.600;38.9;11007;Peralillo;O’Higgins;2.0
6308;280000.0;2.108.469.017.219.160;2.369.684.901.019.090;4.602.055.800.293.680;7868.0;417.0;147.0;105.0;0.0;6.662.610.282.932.760;9.628.735.285.239.960;59.5;8738;Placilla;O’Higgins;4.0
6309;280000.0;0.0;20.369.104.579.630.800;4.061.990.212.071.770;2740.0;66.0;120.0;0.0;0.0;15.454.545.454.545.400;19.703.389.830.508.400;7.76;3421;Pumanque;O’Higgins;0.0
6310;276000.0;59.726.012.877.924.600;23.532.685.020.800.700;3.181.630.364.205.180;35929.0;957.0;594.0;0.0;259.0;2.454.108.660.835.280;2.704.463.994.786.570;90.2;37855;Santa Cruz;O’Higgins;11.0
7101;280000.0;3.539.709.246.271.050;2.107.832.202.204.280;21.684.819.343.081.300;243041.0;15864.0;1948.0;2699.0;933.0;23.268.384.784.213;3.694.266.907.416.420;949.8;220357;Talca;Maule;247.0
7102;310000.0;5.120.702.267.739.570;3.171.351.935.068.100;1.861.818.500.043.750;54514.0;2360.0;540.0;0.0;0.0;25.860.700.466.316.100;20.149.076.579.784.400;34.3;46068;Constitucion;Maule;28.0
7103;276000.0;0.0;1.828.209.340.530.390;36.185.383.244.206.700;7236.0;730.0;481.0;0.0;75.0;3.533.273.649.656.810;15.805.369.127.516.700;8.8;9448;Curepto;Maule;12.0
7104;276000.0;0.0;13.118.680.149.015.400;3.842.139.595.564.250;3473.0;285.0;0.0;0.0;0.0;3.748.006.379.585.320;12.376.237.623.762.300;7.33;4142;Empedrado;Maule;0.0
7105;270000.0;0.0;19.515.242.378.810.500;4.621.073.961.499.490;18613.0;3916.0;752.0;51.0;680.0;486.370.859.308.153;2.626.228.775.692.580;261.7;49721;Maule;Maule;36.0
7106;275000.0;5.815.176.558.978.210;19.729.526.671.675.400;5.546.094.039.244.720;5433.0;1186.0;0.0;36.0;0.0;28.594.122.319.301.000;8.295.872.496.935.020;25.4;8422;Pelarco;Maule;17.0
7107;270000.0;0.0;2.520.289.049.471.920;5.577.863.577.863.570;8847.0;148.0;0.0;0.0;0.0;34.688.346.883.468.800;10.348.706.411.698.500;8.62;8245;Pencahue;Maule;3.0
7108;300000.0;2.098.997.493.734.330;10.964.912.280.701.700;5.048.785.154.008.030;12063.0;705.0;0.0;0.0;0.0;3.733.150.559.744.110;12.044.989.775.051.100;32.3;13906;Rio Claro;Maule;13.0
7109;229000.0;0.0;25.136.974.083.229.200;5.732.046.761.922.430;34550.0;4191.0;400.0;0.0;100.0;5.133.767.172.812.720;18.277.164.033.002.300;9.61;43269;San Clemente;Maule;36.0
7110;275000.0;0.0;21.754.546.494.338.300;4.186.968.838.526.910;8643.0;100.0;0.0;0.0;0.0;4.046.052.631.578.940;8.627.325.208.466.960;34.9;9191;San Rafael;Maule;29.0
7201;270000.0;0.0;1.993.389.451.657.390;3.198.681.450.404.550;39175.0;2834.0;0.0;0.0;45.0;4.541.608.788.988.500;2.276.608.273.222.430;18.3;40441;Cauquenes;Maule;26.0
7202;270000.0;18.132.464.712.269.200;2.280.130.293.159.600;3.528.563.185.227.920;8416.0;384.0;168.0;235.0;7.0;4.478.371.501.272.260;14.408.602.150.537.600;16.9;8928;Chanco;Maule;3.0
7203;270000.0;0.0;1.538.647.635.176.000;3.284.874.729.353.540;7842.0;425.0;0.0;0.0;0.0;6.192.710.212.919.520;10.571.184.995.737.400;20.4;7571;Pelluhue;Maule;10.0
7301;275000.0;6.804.692.246.576.620;19.509.410.531.516.400;3.274.353.968.424.770;139549.0;6755.0;2002.0;1058.0;415.0;19.320.283.724.446.300;28.440.452.279.997.000;112.3;149136;Curico;Maule;116.0
7302;300000.0;2.823.236.673.365.870;13.819.504.258.780.700;3.941.051.352.172.590;10066.0;383.0;0.0;0.0;0.0;17.137.648.131.267.000;1.951.219.512.195.120;15.4;9657;Hualane;Maule;1.0
7303;300000.0;0.0;18.698.006.074.211.000;24.315.747.719.159.000;6899.0;530.0;144.0;0.0;0.0;1.992.558.908.639.930;12.239.583.333.333.300;24.4;6653;Licanten;Maule;2.0
7304;278000.0;19.032.624.047.789.900;2.568.246.544.258.950;33.469.584.034.623.700;40906.0;2283.0;0.0;0.0;0.0;13.432.835.820.895.500;2.718.707.940.780.610;29.6;45976;Molina;Maule;10.0
7305;275000.0;0.0;16.029.933.044.505.700;4.580.710.148.577.180;8966.0;1190.0;0.0;0.0;0.0;4.406.520.631.686.190;3.312.101.910.828.020;33.9;10484;Rauco;Maule;4.0
7306;280000.0;3.666.844.776.916.910;2.757.814.587.229.490;5.419.525.888.958.200;14760.0;0.0;212.0;0.0;0.0;3.157.894.736.842.100;2.141.818.181.818.180;9.51;15187;Romeral;Maule;13.0
7307;280000.0;4.563.302.557.571.890;13.647.458.346.598.700;6.296.296.296.296.290;16787.0;1739.0;320.0;0.0;0.0;5.608.524.957.936.060;25.322.769.953.051.600;33.8;18544;Sagrada Familia;Maule;3.0
7308;300000.0;7.709.702.494.523.350;2.209.737.827.715.350;4.238.508.097.497.130;25805.0;882.0;1439.0;0.0;176.0;2.013.064.133.016.620;223.199.251.637.044;46.8;28921;Teno;Maule;9.0
7309;280000.0;8.264.462.809.917.350;19.135.410.044.500.900;4.676.966.292.134.830;4472.0;228.0;0.0;19.0;0.0;3.218.304.576.144.030;12.589.073.634.204.200;10.2;4322;Vichuquen;Maule;0.0
7401;270000.0;27.291.888.485.691.300;1.805.697.399.013.490;3.262.008.080.203.500;84554.0;5984.0;1504.0;0.0;0.0;30.822.698.584.813.800;2.311.691.184.603.470;63.9;93602;Linares;Maule;60.0
7402;270000.0;23.675.611.977.074.200;2.901.601.585.516.090;5.114.926.220.204.310;15401.0;1999.0;294.0;975.0;0.0;2.978.756.884.343.030;1.432.440.565.753.830;7.16;20765;Colbun;Maule;19.0
7403;270000.0;22.462.066.790.482.500;18.730.069.734.029.500;5.978.618.421.052.630;25300.0;1576.0;1436.0;225.0;0.0;4.847.645.429.362.880;7.864.365.233.377.590;21.0;30534;Longavi;Maule;19.0
7404;270000.0;6.977.570.144.523.670;1.647.952.353.632.210;3.880.709.047.866.500;31804.0;4799.0;0.0;0.0;0.0;4.063.047.285.464.090;17.170.738.459.408.900;25.4;41637;Parral;Maule;21.0
7405;270000.0;0.0;118.400.788.517.218;492.264.678.471.575;13634.0;1237.0;264.0;1098.0;0.0;31.949.171.772.180.600;14.369.633.981.021.200;24.2;19974;Retiro;Maule;3.0
7406;275000.0;507.928.822.176.492;2.780.292.942.743.000;30.179.610.422.463.900;36906.0;2958.0;686.0;755.0;0.0;249.397.341.414.698;14.407.508.239.002.700;34.7;45547;San Javier;Maule;41.0
7407;270000.0;349.304.918.495.519;2.790.205.348.952.080;3.236.351.748.937.560;13757.0;207.0;0.0;207.0;0.0;3.118.503.118.503.110;12.348.307.430.274.600;85.4;16221;Villa Alegre;Maule;4.0
7408;270000.0;6.700.460.292.489.650;2.056.167.336.712.690;2.373.385.012.919.890;15836.0;551.0;776.0;0.0;0.0;3.145.443.925.233.640;277.382.214.815.937;69.0;18081;Yerbas Buenas;Maule;15.0
8101;330000.0;5.838.819.482.490.720;21.135.969.678.734.600;1.757.340.916.429.690;209449.0;10074.0;1996.0;722.0;441.0;2.642.458.921.846.900;4.927.541.200.941.730;1008.9;223574;Concepcion;Biobío;209.0
8102;300000.0;3.902.834.149.145.570;23.869.911.334.854.600;28.001.800.180.018;104701.0;6659.0;1429.0;1877.0;148.0;23.759.684.327.029.400;5.024.149.651.171.700;416.1;116262;Coronel;Biobío;56.0
8103;290000.0;40.618.006.203.620.000;25.347.154.056.565.400;2.317.844.816.566.530;145891.0;5059.0;1464.0;400.0;0.0;2.825.962.090.752.440;6.579.124.230.987.950;1201.9;85938;Chiguayante;Biobío;87.0
8104;270000.0;17.753.424.657.534.200;20.405.479.452.054.700;22.207.267.833.109.000;8853.0;60.0;212.0;0.0;0.0;5.323.076.923.076.920;2.549.399.457.574.580;17.5;10624;Florida;Biobío;4.0
8105;290000.0;385.498.687.664.042;5.085.301.837.270.340;29.907.347.554.406.300;22984.0;944.0;456.0;0.0;0.0;424.225.352.112.676;5.062.388.591.800.350;589.2;24333;Hualqui;Biobío;27.0
8106;300000.0;5.004.403.346.543.370;2.756.274.768.824.300;2.672.424.061.941.630;41144.0;3271.0;1005.0;0.0;0.0;1.580.547.112.462.000;4.636.676.077.083.580;320.6;43535;Lota;Biobío;32.0
8107;300000.0;39.858.862.745.793.300;3.159.630.489.902.300;28.658.048.759.947.700;51091.0;4072.0;1236.0;0.0;0.0;2.638.530.782.105.210;6.028.710.247.349.820;440.2;47367;Penco;Biobío;24.0
8108;300000.0;8.830.377.254.916.800;16.962.274.508.319.200;20.684.500.568.929.700;93469.0;10078.0;1696.0;415.0;0.0;18.909.288.276.382.800;4.716.779.566.368.020;1171.6;131808;San Pedro de la Paz;Biobío;133.0
8109;276000.0;3.803.944.831.677.290;2.081.417.766.572.740;2.532.845.143.226.360;12303.0;1183.0;0.0;0.0;0.0;4.930.921.878.924.890;26.830.586.328.019.400;18.8;13749;Santa Juana;Biobío;2.0
8110;326000.0;11.339.933.039.477.800;258.364.043.644.772;21.443.915.195.666.300;150242.0;11553.0;2759.0;932.0;582.0;21.244.806.381.917.800;5.720.544.385.400.870;1644.1;151749;Talcahuano;Biobío;161.0
8111;300000.0;4.398.595.258.999.120;17.148.375.768.217.700;1.406.548.300.878.190;55180.0;1770.0;0.0;0.0;0.0;3.510.879.653.501.080;42.093.951.489.100.300;111.1;54946;Tome;Biobío;73.0
8112;300000.0;35.624.105.976.739.800;23.873.375.209.901.100;1.933.931.509.826.440;74049.0;5063.0;608.0;675.0;0.0;22.556.317.335.945.100;5.472.210.268.463.030;1715.4;91773;Hualpen;Biobío;142.0
8201;270000.0;0.0;2.267.292.569.411.000;204.671.045.772.078;24069.0;495.0;0.0;360.0;0.0;4.610.500.610.500.610;2.556.075.326.856.180;45.5;25522;Lebu;Biobío;2.0
8202;380000.0;44.015.275.504.637.200;22.939.443.535.188.200;15.008.736.894.658.000;44364.0;1461.0;0.0;0.0;0.0;2.385.740.402.193.780;2.817.073.170.731.700;37.9;36257;Arauco;Biobío;28.0
8203;300000.0;36.053.351.971.576.600;21.058.302.754.965.300;2.032.925.539.948.640;32937.0;955.0;284.0;134.0;28.0;4.066.067.524.896.760;26.900.472.107.139.400;31.7;34537;Canete;Biobío;3.0
8204;270000.0;0.0;1.386.410.432.395.330;3.899.147.727.272.720;4130.0;161.0;0.0;80.0;0.0;3.842.024.539.877.300;9.722.222.222.222.220;9.44;6031;Contulmo;Biobío;0.0
8205;300000.0;2.814.644.511.791.540;27.505.486.466.715.400;2.286.953.242.835.590;26338.0;2201.0;168.0;0.0;0.0;19.223.205.506.391.300;21.884.241.656.104.700;32.5;32288;Curanilahue;Biobío;5.0
8206;270000.0;50.908.757.954.493.400;2.361.397.243.968.310;32.861.410.572.801.600;19583.0;1820.0;80.0;0.0;360.0;25.628.347.754.429.300;3.187.568.327.346.550;35.1;21035;Los Alamos;Biobío;1.0
8207;270000.0;9.780.385.880.679.290;17.880.323.641.860.000;19.392.292.490.118.500;10907.0;285.0;0.0;0.0;55.0;4.963.797.264.682.220;1.123.768.472.906.400;16.7;10417;Tirua;Biobío;4.0
8301;300000.0;5.502.287.979.060.110;26.378.124.506.901.000;2.496.624.703.521.250;198442.0;11212.0;1702.0;2576.0;1542.0;2.272.200.231.897.960;3.818.590.506.412.790;115.7;202331;Los Angeles;Biobío;137.0
8302;300000.0;57.031.949.835.771.800;1.755.747.984.472.970;32.570.806.100.217.800;3085.0;209.0;0.0;0.0;55.0;3.456.221.198.156.680;3.137.557.959.814.520;2.16;4073;Antuco;Biobío;4.0
8303;300000.0;20.243.531.202.435.300;1.967.732.115.677.320;3.772.055.719.712.950;30474.0;1760.0;0.0;0.0;616.0;2.337.530.087.020.920;24.449.765.171.746.900;44.7;28573;Cabrero;Biobío;26.0
8304;279000.0;5.268.230.003.212.330;2.467.073.562.479.920;307.001.239.157.373;15765.0;1917.0;520.0;0.0;476.0;2.786.247.161.855.330;4.251.012.145.748.980;65.9;22389;Laja;Biobío;54.0
8305;272000.0;3.472.740.851.381.620;2.666.915.608.663.180;4.723.130.262.506.190;23640.0;899.0;1604.0;0.0;637.0;19.940.014.479.263.600;2.569.444.444.444.440;15.4;29627;Mulchen;Biobío;11.0
8306;350000.0;6.332.871.561.448.640;21.872.155.155.353.200;256.091.557.962.097;22922.0;945.0;0.0;0.0;1398.0;1.514.490.895.101.300;3.681.451.041.519.050;28.2;26315;Nacimiento;Biobío;28.0
8307;270000.0;0.0;2.842.926.608.616.980;3.525.395.958.492.620;7834.0;339.0;184.0;310.0;176.0;12.249.848.392.965.400;21.949.665.498.566.400;62.2;9737;Negrete;Biobío;25.0
8308;272000.0;0.0;1.643.462.469.733.650;3.876.967.095.851.210;3144.0;160.0;0.0;0.0;0.0;1.605.839.416.058.390;3.714.733.542.319.740;3.55;3988;Quilaco;Biobío;0.0
8309;272000.0;0.0;27.108.313.349.320.500;4.287.511.796.162.310;9028.0;594.0;224.0;0.0;162.0;19.552.529.182.879.300;3.801.108.801.108.800;8.55;9587;Quilleco;Biobío;0.0
8310;300000.0;903.125;19.125;2.921.810.699.588.470;3080.0;120.0;0.0;0.0;0.0;13.333.333.333.333.300;3.512.336.719.883.880;36.9;3412;San Rosendo;Biobío;2.0
8311;276000.0;5.749.458.874.458.870;1.452.922.077.922.070;2.865.533.878.749.730;14655.0;129.0;0.0;0.0;0.0;19.625.962.596.259.600;22.664.700.098.328.400;10.9;13773;Santa Barbara;Biobío;14.0
8312;270000.0;38.365.427.017.492.200;2.376.157.577.539.320;3.508.906.339.781.650;12693.0;913.0;0.0;0.0;0.0;3.148.435.766.585.310;24.257.845.631.891.400;15.5;14134;Tucapel;Biobío;4.0
8313;280000.0;2.307.188.554.732.750;28.945.645.055.664.700;2.548.171.451.042.070;19010.0;841.0;0.0;0.0;0.0;4.013.452.914.798.200;2.685.814.514.360.880;29.2;21198;Yumbel;Biobío;14.0
8314;270000.0;6.499.575.191.163.970;2.497.875.955.819.880;3.220.779.220.779.220;8290.0;1126.0;0.0;0.0;0.0;38.468.634.686.346.800;583.843.329.253.366;2.79;5923;Alto Biobio;Biobío;1.0
9101;300000.0;1.817.258.428.308.960;2.131.985.003.062.120;17.126.613.184.513.400;312486.0;16950.0;2202.0;2180.0;917.0;27.232.921.359.437.700;4.949.251.650.014.650;608.7;282415;Temuco;Araucanía;793.0
9102;300000.0;0.0;2.619.138.229.946.290;16.259.309.766.075.700;22467.0;725.0;368.0;89.0;0.0;6.709.221.616.261.770;2.277.377.794.619.170;18.3;24533;Carahue;Araucanía;39.0
9103;273000.0;0.0;2.067.388.151.288.630;2.016.656.751.933.370;15968.0;1724.0;0.0;156.0;78.0;3.466.624.685.138.530;2.803.000.394.788.780;9.19;17526;Cunco;Araucanía;20.0
9104;270000.0;0.0;2.651.256.789.187.820;2.970.187.707.029.810;6550.0;1299.0;68.0;0.0;0.0;480.681.346.073.951;3.203.592.814.371.250;6.4;7489;Curarrehue;Araucanía;4.0
9105;270000.0;0.0;21.677.614.957.049.000;2.592.936.802.973.970;26306.0;920.0;0.0;480.0;0.0;30.574.488.802.336.800;22.862.195.275.988.300;26.3;24606;Freire;Araucanía;29.0
9106;270000.0;0.0;30.661.486.555.566.900;4.126.444.595.513.250;8046.0;1499.0;236.0;0.0;0.0;3.745.632.424.877.700;270.042.194.092.827;21.1;11996;Galvarino;Araucanía;3.0
9107;270000.0;27.312.893.292.274.700;2.237.916.722.452.800;22.072.368.421.052.600;13186.0;1497.0;0.0;255.0;0.0;5.097.043.352.076.900;3.696.695.095.948.820;20.8;14414;Gorbea;Araucanía;17.0
9108;300000.0;3.103.410.461.673.420;22.266.695.909.639.200;14.496.472.097.498.300;31522.0;2399.0;1355.0;1200.0;0.0;21.229.007.633.587.700;3.952.517.206.712.550;42.2;38013;Lautaro;Araucanía;56.0
9109;270000.0;977.922.655.208.179;19.795.525.263.001.900;2.983.035.580.243.200;16241.0;3418.0;428.0;160.0;0.0;3.807.890.222.984.560;3.470.383.275.261.320;24.2;23612;Loncoche;Araucanía;21.0
9110;300000.0;0.0;22.472.783.825.816.400;20.103.896.103.896.100;4756.0;112.0;276.0;0.0;0.0;558.246.828.143.022;2.725;5.54;6138;Melipeuco;Araucanía;0.0
9111;280000.0;0.0;2.799.721.042.287.450;20.267.686.424.474.100;29149.0;1901.0;496.0;0.0;0.0;5.143.212.951.432.120;5.219.627.610.328.150;44.4;32510;Nueva Imperial;Araucanía;52.0
9112;300000.0;0.0;19.018.872.489.716.900;19.077.543.960.795.600;74020.0;6570.0;548.0;1262.0;260.0;3.063.370.622.123.320;6.257.574.748.618.230;190.0;76;Padre Las Casas;Araucanía;127.0
9113;290000.0;0.0;13.425.925.925.925.900;2.408.699.220.352.890;6024.0;432.0;324.0;132.0;0.0;38.333.333.333.333.300;2.539.863.325.740.310;20.9;6905;Perquenco;Araucanía;5.0
9114;270000.0;213.921.479.208.988;250.860.246.258.447;2.012.408.686.080.250;23490.0;285.0;0.0;272.0;74.0;4.588.694.368.276.730;2.263.282.319.273.360;42.8;24837;Pitrufquen;Araucanía;25.0
9115;270000.0;0.0;14.745.575.802.132.000;20.523.334.232.533.000;34085.0;4001.0;0.0;0.0;0.0;4.426.696.453.504.600;34.808.468.455.710.500;22.8;28523;Pucon;Araucanía;19.0
9116;270000.0;0.0;2.093.791.281.373.840;1.759.899.434.318.030;9750.0;1911.0;420.0;31.0;0.0;5.776.919.582.008.170;586.341.687.744.309;31.1;12450;Saavedra;Araucanía;80.0
9117;280000.0;0.0;193.325.888.458.254;1.950.236.551.603.290;14102.0;1121.0;0.0;0.0;0.0;5.355.983.966.405.800;22.734.026.745.913.800;23.2;15045;Teodoro Schmidt;Araucanía;7.0
9118;270000.0;0.0;4.681.669.116.815.560;2.899.803.536.345.770;7557.0;981.0;0.0;305.0;0.0;5.285.655.569.256.060;1.844.705.882.352.940;11.3;9722;Tolten;Araucanía;8.0
9119;241000.0;0.0;18.128.508.000.335.000;41.186.094.069.529.600;20716.0;2346.0;812.0;0.0;0.0;3.665.073.156.598.580;33.624.454.148.471.600;19.8;28151;Vilcun;Araucanía;63.0
9120;280000.0;36.004.901.190.738.000;2.540.293.443.086.490;2.064.728.798.321.840;56763.0;4625.0;1052.0;1218.0;0.0;37.699.758.858.871.100;27.409.037.408.525.600;43.0;55478;Villarrica;Araucanía;22.0
9121;250000.0;0.0;3.434.470.725.087.240;26.601.356.443.104.700;9646.0;264.0;406.0;0.0;0.0;4.864.600.326.264.270;2.796.132.151.490.730;27.1;11611;Cholchol;Araucanía;6.0
9201;280000.0;11.417.913.473.624.400;21.124.761.788.914.500;28.342.977.380.326.100;44264.0;4328.0;292.0;84.0;358.0;25.943.293.347.873.500;3.238.037.552.998.180;44.6;53262;Angol;Araucanía;127.0
9202;280000.0;48.974.090.160.251.600;22.470.171.234.586.300;3.567.519.597.692.640;17916.0;1203.0;912.0;0.0;0.0;2.986.572.001.852.130;2.140.116.763.969.970;19.0;24598;Collipulli;Araucanía;12.0
9203;276000.0;13.936.781.609.195.400;2.630.028.735.632.180;27.978.374.203.514.100;13920.0;0.0;0.0;0.0;0.0;4.347.462.935.894.750;2.315.348.349.921.420;10.5;17413;Curacautin;Araucanía;7.0
9204;275000.0;444.520.626.214.147;4.056.679.236.658.660;3.527.031.997.057.740;6836.0;916.0;600.0;399.0;0.0;379.615.952.732.644;21.147.672.552.166.900;15.5;7733;Ercilla;Araucanía;11.0
9205;250000.0;0.0;18.293.471.234.647.700;2.567.394.094.993.580;9202.0;1627.0;0.0;0.0;0.0;5.783.000.819.896.140;10.758.377.425.044.000;2.62;10251;Lonquimay;Araucanía;55.0
9206;270000.0;21.590.281.612.368.800;27.553.837.658.752.000;4.279.329.608.938.540;4281.0;526.0;72.0;330.0;224.0;25.143.513.203.214.600;1.936.785.474.108.940;8.55;7265;Los Sauces;Araucanía;1.0
9207;280000.0;1.959.497.051.296.310;952.486.925.559.141;3.276.772.247.360.480;7186.0;1653.0;0.0;0.0;148.0;3.039.106.145.251.390;21.819.713.563.605.700;8.53;9548;Lumaco;Araucanía;8.0
9208;270000.0;5.280.716.804.880.370;35.859.307.978.267.000;2.388.994.824.298.550;9478.0;740.0;273.0;0.0;0.0;4.626.743.232.157.500;9.144.736.842.105.260;25.3;11779;Puren;Araucanía;7.0
9209;280000.0;1.226.062.587.575.890;2.372.723.026.623.070;30.597.504.924.491.100;8086.0;478.0;0.0;0.0;0.0;17.304.317.304.317.300;22.450.504.295.853.500;38.3;10250;Renaico;Araucanía;19.0
9210;280000.0;7.253.853.804.077.570;2.510.566.882.148.180;3.276.718.474.603.420;14250.0;1475.0;244.0;38.0;81.0;31.982.942.430.703.600;3.123.702.781.237.020;20.8;18843;Traiguen;Araucanía;8.0
9211;270000.0;0.0;2.912.439.418.416.800;31.984.619.417.984.700;26493.0;3917.0;315.0;225.0;0.0;365.085.691.510.562;21.105.527.638.190.900;27.2;34182;Victoria;Araucanía;81.0
10101;300000.0;16.157.286.687.609.900;21.653.982.452.996.400;17.112.919.111.743.800;253787.0;16130.0;1816.0;1465.0;239.0;3.046.057.011.438.600;4.260.448.572.275.460;147.0;245902;Puerto Montt;Los Lagos;88.0
10102;350000.0;0.0;22.026.085.306.000.700;1.775.252.856.955.200;33854.0;1789.0;705.0;406.0;125.0;4.627.765.221.560.160;1.534.803.640.239.400;57.5;33985;Calbuco;Los Lagos;8.0
10104;250000.0;0.0;13.375.739.114.853.900;19.638.351.555.929.300;10886.0;0.0;276.0;0.0;0.0;6.423.664.967.870.590;2.316.675.719.717.540;9.59;12261;Fresia;Los Lagos;0.0
10105;270000.0;0.0;19.451.817.344.672.500;26.904.985.888.993.400;16927.0;246.0;838.0;450.0;0.0;42.563.291.139.240.500;34.698.834.196.891.100;22.2;18428;Frutillar;Los Lagos;7.0
10106;275000.0;0.0;14.544.489.416.760.600;3.558.088.002.532.440;14531.0;240.0;300.0;0.0;0.0;3.451.417.004.048.580;18.299.761.010.583.800;13.7;17068;Los Muermos;Los Lagos;2.0
10107;270000.0;0.0;3.749.868.018.160.700;20.682.989.690.721.600;16677.0;1248.0;1017.0;0.0;0.0;30.016.098.346.260.700;5.207.229.666.562.790;41.8;17591;Llanquihue;Los Lagos;6.0
10108;300000.0;1.519.885.164.232.030;14.869.543.190.070.000;2.616.454.229.432.210;10723.0;1120.0;0.0;0.0;0.0;5.180.381.985.380.800;16.954.022.988.505.700;16.5;14216;Maullin;Los Lagos;14.0
10109;300000.0;8.541.255.657.421.370;20.981.780.201.926.400;17.725.011.084.289.800;40098.0;1953.0;508.0;526.0;0.0;3.084.057.663.769.340;3.841.985.956.764.520;11.0;44578;Puerto Varas;Los Lagos;11.0
10201;300000.0;0.0;1.345.099.908.091.360;1.638.638.304.191.260;55061.0;2104.0;1589.0;0.0;0.0;299.067.563.436.258;3.634.490.750.675.990;92.7;43807;Castro;Los Lagos;8.0
10202;250000.0;0.0;12.992.317.417.096.100;2.423.611.111.111.110;38911.0;1815.0;406.0;0.0;0.0;3.634.834.747.002.040;4.175.640.105.288.340;22.3;38991;Ancud;Los Lagos;83.0
10203;270000.0;0.0;48.137.050.547.159.900;2.530.745.295.599.340;15232.0;120.0;0.0;0.0;0.0;2.859.072.489.869.420;8.523.667.659.715.320;10.9;14858;Chonchi;Los Lagos;0.0
10204;270000.0;0.0;982.532.751.091.703;2.333.333.333.333.330;4122.0;0.0;0.0;0.0;0.0;9.859.154.929.577.460;29.411.764.705.882.300;47.9;3829;Curaco de Velez;Los Lagos;0.0
10205;350000.0;0.0;2.473.961.188.466.170;1.690.555.413.360.630;17001.0;969.0;272.0;0.0;0.0;31.540.888.772.022.000;2.928.603.910.868.570;11.1;13762;Dalcahue;Los Lagos;2.0
10206;300000.0;0.0;2.566.598.360.655.730;4.724.186.704.384.720;3572.0;0.0;152.0;180.0;0.0;2.452.830.188.679.240;2.044.374.009.508.710;40.3;3921;Puqueldon;Los Lagos;0.0
10207;270000.0;0.0;21.352.523.659.305.900;15.660.074.826.296.000;4396.0;544.0;0.0;132.0;0.0;4.779.698.828.778.580;22.365.869.424.692.900;16.2;5385;Queilen;Los Lagos;0.0
10208;320000.0;20.449.375.015.976.000;7.190.511.489.992.580;23.603.361.819.337.500;34555.0;4486.0;0.0;0.0;80.0;38.571.537.232.828.700;17.638.963.223.488.000;8.38;27192;Quellon;Los Lagos;1.0
10209;270000.0;0.0;3.059.527.768.540.070;27.755.252.488.020.600;8502.0;471.0;48.0;0.0;0.0;4.444.444.444.444.440;0.25;19.0;8352;Quemchi;Los Lagos;4.0
10210;300000.0;0.0;8.467.886.616.433.440;17.798.013.245.033.100;7367.0;573.0;336.0;85.0;0.0;3.695.652.173.913.040;13.674.093.490.607.200;50.3;8088;Quinchao;Los Lagos;1.0
10301;280000.0;11.779.102.642.160.000;26.085.226.690.457.900;23.687.703.632.195.000;147999.0;14101.0;3156.0;510.0;121.0;3.417.205.385.208.460;4.114.490.161.001.780;169.8;161460;Osorno;Los Lagos;343.0
10302;290000.0;0.0;4.362.448.584.563.270;3.570.473.388.606.570;7464.0;280.0;452.0;0.0;70.0;21.939.245.167.229.200;3.620.744.511.613.100;05.01;8999;Puerto Octay;Los Lagos;5.0
10303;300000.0;16.314.199.395.770.300;1.868.076.535.750.250;3.122.129.154.282.620;18424.0;1436.0;0.0;0.0;0.0;3.748.238.609.675.900;22.477.718.360.071.300;14.0;20369;Purranque;Los Lagos;32.0
10304;300000.0;2.799.607.072.691.550;27.082.514.734.774.000;2.319.667.877.529.830;8687.0;1401.0;92.0;0.0;0.0;20.883.421.861.895.400;23.407.917.383.821;7.3;11667;Puyehue;Los Lagos;7.0
10305;276000.0;22.760.456.926.908.800;15.391.222.193.592.700;2.655.413.750.514.610;11082.0;329.0;232.0;0.0;0.0;4.435.127.978.817.290;281.767.955.801.105;11.1;14085;Rio Negro;Los Lagos;26.0
10306;300000.0;0.0;117.100.654.789.097;30.732.292.917.166.800;5430.0;932.0;164.0;41.0;0.0;7.129.005.059.021.920;2.005.988.023.952.090;4.95;7512;San Juan de la Costa;Los Lagos;34.0
10307;270000.0;94.864.659.752.087;2.501.897.293.195.040;27.747.402.952.433.000;7179.0;484.0;168.0;75.0;0.0;4.497.737.556.561.080;32.776.451.869.530.600;15.8;10030;San Pablo;Los Lagos;10.0
11101;400000.0;15.225.334.957.369.000;16.384.152.118.013.200;16.888.611.457.899.800;54137.0;3662.0;710.0;528.0;75.0;27.174.668.177.995.500;2.519.635.809.464.260;7.93;57818;Coyhaique;Aysén;3.0
11201;350000.0;4.838.887.055.977.120;17.075.405.989.955.600;13.828.535.571.417.300;26175.0;972.0;0.0;132.0;0.0;3.073.808.519.611.970;20.382.974.861.602.600;0.8;23959;Aysen;Aysén;1.0
11202;350000.0;0.0;10.135.396.518.375.200;10.900.863.842.040.300;4915.0;255.0;0.0;0.0;0.0;3.665.689.149.560.110;0.0;0.41;6517;Cisnes;Aysén;0.0
11301;400000.0;0.0;1.473.053.892.215.560;890.924.229.808.493;2505.0;0.0;0.0;0.0;0.0;4.967.012.252.591.890;8.629.989.212.513.480;0.41;3490;Cochrane;Aysén;0.0
11401;380000.0;0.0;2.032.823.573.293.540;19.696.379.914.363.500;5194.0;168.0;0.0;0.0;0.0;4.598.360.655.737.700;7.990.196.078.431.370;0.85;4865;Chile Chico;Aysén;1.0
11402;100000.0;0.0;9.375;14.905.933.429.811.800;1672.0;0.0;0.0;120.0;0.0;7.226.386.806.596.700;0.0;0.45;2666;Rio Ibanez;Aysén;0.0
12101;431000.0;19.277.642.366.496.700;20.447.103.429.598.400;12.723.961.495.100.100;113303.0;6985.0;851.0;604.0;108.0;19.209.294.456.037.400;35.814.790.896.103.600;7.37;131592;Punta Arenas;Magallanes;945.0
12301;460000.0;2.230.022.713.194.300;26.264.711.955.399.500;20.359.955.005.624.200;4788.0;55.0;0.0;0.0;0.0;14.561.908.679.555.700;10.370.994.940.978.000;0.7;6801;Porvenir;Magallanes;9.0
12401;350000.0;3.629.189.399.844.110;2.153.643.803.585.340;1.748.956.530.591.460;19013.0;1352.0;136.0;0.0;27.0;1.901.062.492.859.590;28.797.930.956.932.400;0.43;21477;Natales;Magallanes;12.0
13101;500000.0;12.198.468.135.813.700;17.510.603.102.926.500;12.208.723.851.171.200;103187.0;17111.0;5411.0;1449.0;399.0;13.612.862.291.939.400;5.497.607.019.409.730;17435.1;404495;Santiago;Metropolitana;3935.0
13102;300000.0;1.657.356.625.363.930;3.798.496.851.513.300;2.187.235.196.420.700;53556.0;3598.0;728.0;1194.0;0.0;2.969.636.422.021.620;6.772.681.490.663.980;3849.1;80832;Cerrillos;Metropolitana;639.0
13103;300000.0;1.520.968.025.961.610;3.603.263.649.551.790;2.276.887.655.928.580;105588.0;7599.0;4728.0;1338.0;0.0;3.641.829.546.582.000;6.608.508.604.206.500;12056.5;132622;Cerro Navia;Metropolitana;851.0
13104;350000.0;878.594.249.201.278;397.361.424.517.974;2.247.470.519.291.020;75754.0;8734.0;1203.0;3827.0;0.0;2.987.210.001.830.870;5.814.139.688.809.410;11865.0;126955;Conchali;Metropolitana;1063.0
13105;305000.0;938.167.146.522.514;372.988.359.415.294;22.015.881.948.352.400;130565.0;17291.0;3566.0;1113.0;636.0;2.336.172.344.689.370;6.701.120.797.011.200;11444.0;162505;El Bosque;Metropolitana;1026.0
13106;360000.0;17.198.627.476.369.200;2.749.902.887.478.950;2.327.689.005.485.330;80992.0;7036.0;1756.0;1240.0;1652.0;2.375.234.521.575.980;594.891.172.131.784;9802.7;147041;Estacion Central;Metropolitana;1466.0
13107;300000.0;18.513.719.599.591.700;3.519.854.146.839.270;2.589.550.934.824.390;73276.0;4833.0;4620.0;3270.0;1212.0;32.027.084.214.980.900;61.052.987.876.177;2202.5;98671;Huechuraba;Metropolitana;669.0
13108;350000.0;8.535.664.710.323.160;3.793.195.821.055.450;21.769.257.420.025.400;33078.0;3636.0;2388.0;1751.0;210.0;14.305.972.639.305.900;6.936.734.693.877.550;14325.9;100281;Independencia;Metropolitana;1699.0
13109;400000.0;1.173.165.950.015.650;3.344.865.648.527.980;9.610.975.654.135.880;54852.0;5099.0;748.0;0.0;0.0;3.121.894.667.108.310;5.032.674.366.035.090;9011.9;90119;La Cisterna;Metropolitana;646.0
13110;360000.0;8.695.213.454.075.030;2.975.316.946.959.890;17.510.801.332.439.100;348085.0;27972.0;6542.0;2875.0;1026.0;2.783.863.717.023.540;6.186.662.418.118.420;5226.7;366916;La Florida;Metropolitana;2514.0
13111;380000.0;18.750.503.540.448.800;2.816.693.372.960.100;2.660.477.510.583.880;98529.0;9656.0;2672.0;0.0;852.0;3.240.223.463.687.150;6.739.437.614.808.530;11657.1;116571;La Granja;Metropolitana;1260.0
13112;300000.0;13.168.542.295.688.500;3.022.660.038.427.520;22.122.782.226.409.100;161636.0;26693.0;5492.0;1695.0;1218.0;4.225.027.513.433.020;7.026.650.997.555.070;5795.3;177335;La Pintana;Metropolitana;1432.0
13113;540000.0;668.965.672.684.653;23.482.543.331.755.500;8.615.022.963.237.050;84634.0;2969.0;0.0;0.0;1131.0;20.843.382.299.203.300;41.210.374.639.769.400;4034.2;92787;La Reina;Metropolitana;384.0
13114;1000000.0;5.580.716.500.148.680;11.974.596.750.763.000;651.635.282.457.879;280239.0;5593.0;0.0;600.0;6129.0;21.904.262.098.436.800;33.456.133.169.600.200;2978.2;294838;Las Condes;Metropolitana;1439.0
13115;400000.0;17.899.315.853.996.100;2.499.940.680.982.320;21.099.695.269.178.800;108942.0;13784.0;984.0;625.0;2100.0;30.230.375.577.709.600;3.774.467.753.255.860;103.4;105833;Lo Barnechea;Metropolitana;742.0
13116;300000.0;3.225.706.230.941.830;3.957.769.978.712.380;2.562.592.047.128.120;67882.0;12836.0;4866.0;955.0;366.0;3.881.704.176.464.000;5.349.691.831.360.860;14114.9;98804;Lo Espejo;Metropolitana;788.0
13117;350000.0;8.854.919.954.117.000;2.428.931.225.375.290;2.321.265.432.904.380;67980.0;6739.0;3320.0;2032.0;133.0;24.160.977.568.699.400;7.076.040.338.472.230;13749.9;96249;Lo Prado;Metropolitana;617.0
13118;350000.0;41.551.838.829.231.200;3.621.353.226.266.270;2.200.688.281.108.490;76961.0;4524.0;2471.0;228.0;0.0;2.616.178.036.885.470;6.280.067.725.361.980;9033.6;116534;Macul;Metropolitana;949.0
13119;400000.0;3.543.311.300.810.830;24.024.458.775.990.700;14.537.479.260.544.500;1038707.0;74029.0;2840.0;2605.0;2889.0;26.180.391.568.899.300;6.220.626.934.169.800;3849.6;521657;Maipu;Metropolitana;2000.0
13120;900000.0;41.433.185.844.185.400;17.238.154.368.481.800;5.889.384.202.162.810;123461.0;2089.0;658.0;379.0;654.0;18.423.147.581.139.000;433.658.055.367.162;13321.7;208237;Nunoa;Metropolitana;1091.0
13121;331500.0;8.402.833.021.119.350;4.033.847.417.177.750;21.492.958.557.728.300;65883.0;8593.0;696.0;2062.0;704.0;2.755.368.814.192.340;5.974.780.841.062.120;10117.4;101174;Pedro Aguirre Cerda;Metropolitana;890.0
13122;350000.0;56.669.306.930.693.000;34.502.178.217.821.700;2.043.805.838.033.670;220762.0;19811.0;8292.0;1425.0;2210.0;2.998.605.939.431.730;5.761.538.461.538.460;4474.1;241599;Penalolen;Metropolitana;2160.0
13123;1087000.0;3.857.322.010.217.730;10.158.821.004.435.500;2.450.154.450.996.910;116095.0;1452.0;0.0;234.0;1032.0;20.618.746.830.190.400;4.064.204.087.438.940;9935.6;142079;Providencia;Metropolitana;706.0
13124;350000.0;14.237.913.658.816.100;28.130.621.602.191.800;21.748.454.297.331.900;255727.0;26610.0;9216.0;5746.0;4550.0;30.153.018.023.466.700;6.495.936.109.670.010;1197.0;230293;Pudahuel;Metropolitana;1095.0
13125;380000.0;17.317.795.289.613.100;2.143.715.774.008.280;22.547.428.956.964.500;225746.0;29662.0;9139.0;4985.0;0.0;1.970.783.309.545.790;5.385.568.607.202.780;3627.8;210410;Quilicura;Metropolitana;1593.0
13126;350000.0;14.037.225.042.301.100;4.274.653.130.287.640;21.126.376.621.960.500;60827.0;7854.0;2576.0;2618.0;0.0;2.887.456.274.753.540;5.900.167.733.117.970;8463.5;110026;Quinta Normal;Metropolitana;879.0
13127;360000.0;2.980.260.905.944.540;1.868.082.759.669.870;21.674.403.044.369.100;82874.0;13478.0;5880.0;2733.0;207.0;2.573.580.820.496.620;5.873.917.364.759.330;9865.7;157851;Recoleta;Metropolitana;2135.0
13128;320000.0;11.013.774.422.223.500;3.938.266.217.673.740;26.658.686.730.506.100;105941.0;12351.0;1617.0;1548.0;0.0;25.727.862.422.688.100;596.060.647.346.192;6131.3;147151;Renca;Metropolitana;967.0
13129;350000.0;11.009.797.724.399.400;2.926.991.150.442.470;23.269.620.122.850.900;54699.0;4045.0;1052.0;3260.0;224.0;33.807.099.161.141.400;5.518.293.860.835.290;9741.4;94492;San Joaquin;Metropolitana;1325.0
13130;410000.0;6.956.078.134.513.790;2.500.370.266.756.620;10.722.569.761.720.600;56150.0;4152.0;0.0;465.0;0.0;2.883.394.085.152.750;5.857.035.185.846.320;10795.4;107954;San Miguel;Metropolitana;1015.0
13131;300000.0;15.002.512.187.504.200;3.304.137.640.716.440;2.491.834.596.659.880;66310.0;4455.0;2876.0;0.0;0.0;3.053.114.660.784.800;6.624.400.750.364.760;11842.8;82900;San Ramon;Metropolitana;1069.0
13132;1000000.0;15.068.437.512.692.400;11.208.588.873.996.400;52.804.868.923.199.700;70548.0;618.0;248.0;0.0;2449.0;18.613.909.652.258.600;21.129.283.939.201.200;3017.1;85384;Vitacura;Metropolitana;485.0
13201;350000.0;61.648.147.891.903.800;29.299.791.980.886.200;2.126.791.205.318.610;770603.0;63865.0;26208.0;6195.0;357.0;2.881.803.568.344.550;6.583.740.347.259.490;6455.8;568106;Puente Alto;Metropolitana;3658.0
13202;350000.0;4.804.138.950.480.410;28.739.837.398.373.900;15.380.483.437.779.700;26165.0;570.0;0.0;325.0;0.0;3.301.732.925.586.130;4.368.678.629.690.040;59.6;26521;Pirque;Metropolitana;136.0
13203;367000.0;6.424.029.818.022.360;19.659.431.411.240.200;15.470.125.057.897.100;11447.0;1331.0;905.0;0.0;0.0;2.845.112.285.336.850;4.102.386.717.398.820;3.64;18189;San Jose de Maipo;Metropolitana;102.0
13301;363000.0;752.792.382.429.191;2.291.166.945.299.180;2.880.308.154.829.010;106412.0;15034.0;1108.0;1265.0;0.0;3.755.449.082.983.150;4.307.242.966.959.410;150.5;146207;Colina;Metropolitana;781.0
13302;360000.0;9.026.718.279.136.030;2.571.965.350.716.810;19.846.819.846.819.800;71216.0;6501.0;368.0;780.0;444.0;3.235.714.077.570.880;38.752.783.964.365.200;225.7;102034;Lampa;Metropolitana;463.0
13303;360000.0;7.460.013.586.117.450;2.130.550.237.757.050;2.690.246.516.613.070;13940.0;1739.0;369.0;145.0;0.0;2.181.408.087.642.980;32.208.376.600.899.900;29.6;19312;Tiltil;Metropolitana;40.0
13401;300000.0;10.391.476.873.849.400;3.856.829.076.490.590;19.944.288.133.932.400;273244.0;35287.0;13084.0;8665.0;1617.0;26.264.130.508.359.800;6.122.166.005.339.780;1943.9;301313;San Bernardo;Metropolitana;1807.0
13402;290000.0;4.081.250.835.226.510;3.004.142.723.506.610;3.006.726.522.128.230;68597.0;5148.0;1085.0;0.0;0.0;2.170.039.759.648.440;4.032.459.425.717.850;451.5;96614;Buin;Metropolitana;358.0
13403;300000.0;1.702.809.969.836.480;4.592.474.996.031.110;2.684.010.152.284.260;27584.0;2662.0;1249.0;0.0;0.0;20.506.793.977.230.900;3.482.361.963.190.180;346.4;25392;Calera de Tango;Metropolitana;50.0
13404;340000.0;0.0;2.666.600.974.126.520;2.273.085.036.048.230;66467.0;3116.0;1292.0;163.0;0.0;2.416.349.560.425.140;2.783.265.335.337.480;88.7;72759;Paine;Metropolitana;177.0
13501;280000.0;7.273.418.942.992.870;29.773.790.083.135.300;29.140.702.200.173.400;98085.0;3047.0;2240.0;3414.0;990.0;40.953.326.713.008.900;4.404.225.999.081.300;91.9;123627;Melipilla;Metropolitana;310.0
13502;360000.0;6.312.292.358.803.980;1.944.629.014.396.450;3.408.748.114.630.460;4242.0;245.0;0.0;0.0;28.0;22.965.440.356.744.700;13.060.989.643.268.100;7.63;6444;Alhue;Metropolitana;2.0
13503;300000.0;13.283.454.332.181.400;21.285.229.686.459.700;19.616.551.928.344.000;29815.0;697.0;686.0;0.0;345.0;3.951.881.451.881.450;4.414.642.986.589.340;47.0;32579;Curacavi;Metropolitana;116.0
13504;270000.0;6.715.486.394.274.770;3.098.943.163.851.210;3.809.523.809.523.800;10826.0;845.0;327.0;19.0;0.0;2.688.274.547.187.790;2.082.018.927.444.790;34.5;13590;Maria Pinto;Metropolitana;12.0
13505;250000.0;0.0;2.675.094.816.687.730;43.325.092.707.045.700;7266.0;0.0;644.0;0.0;0.0;6.381.215.469.613.260;14.850.686.037.126.700;12.3;9726;San Pedro;Metropolitana;25.0
13601;350000.0;12.284.754.805.058.700;14.691.452.116.131.100;15.616.866.215.512.700;78388.0;4986.0;0.0;600.0;0.0;3.203.546.936.622.370;5.038.077.611.578.020;589.2;74237;Talagante;Metropolitana;155.0
13602;300000.0;797.714.638.665.843;4.080.296.479.308.210;36.804.692.891.649.400;29409.0;1719.0;1252.0;0.0;0.0;464.844.595.081.849;2.955.689.413.317.930;304.4;35923;El Monte;Metropolitana;80.0
13603;270000.0;5.026.855.396.302.560;2.691.177.779.756.070;338.196.653.298.299;29243.0;3736.0;648.0;72.0;0.0;354.324.494.949.495;3.734.343.590.536.570;191.6;36219;Isla de Maipo;Metropolitana;41.0
13604;340000.0;3.217.856.876.352.510;12.857.249.458.995.500;2.607.351.908.218.210;46903.0;3608.0;2048.0;1045.0;0.0;2.986.040.670.434.230;45.083.238.548.237;782.8;63250;Padre Hurtado;Metropolitana;202.0
13605;350000.0;2.557.310.781.341.410;238.253.284.399.766;1.496.947.944.774.820;84626.0;6572.0;2116.0;691.0;0.0;2.849.792.531.120.330;5.762.635.379.061.370;1307.3;90201;Penaflor;Metropolitana;222.0
14101;310000.0;3.263.692.485.478.810;22.185.931.940.516.300;17.994.088.071.164.100;153007.0;7724.0;2641.0;714.0;329.0;2.786.669.689.412.830;4.277.579.043.616.350;163.5;166080;Valdivia;Los Ríos;147.0
14102;276000.0;36.450.079.239.302.600;12.089.653.611.048.200;2.134.387.351.778.650;4150.0;219.0;48.0;0.0;0.0;27.239.884.393.063.500;3.441.324.694.024.470;6.91;5302;Corral;Los Ríos;11.0
14103;270000.0;2.073.375.131.913.830;22.496.740.952.262.700;25.507.573.316.145.600;14902.0;901.0;306.0;0.0;0.0;3.991.776.597.567.240;2.346.899.224.806.200;31.5;16752;Lanco;Los Ríos;9.0
14104;277000.0;11.137.968.624.105.400;2.032.323.806.815.480;24.483.559.467.057.800;19214.0;1324.0;288.0;38.0;235.0;3.640.367.434.251.910;1.908.109.875.735.770;11.0;19634;Los Lagos;Los Ríos;0.0
14105;300000.0;0.0;26.906.474.820.143.800;2.293.218.345.746.760;5697.0;226.0;116.0;216.0;0.0;25.663.331.883.427.500;18.015.414.258.188.800;12.2;7095;Mafil;Los Ríos;3.0
14106;274000.0;0.0;19.988.304.093.567.200;2.745.187.901.008.240;15343.0;1593.0;0.0;14.0;150.0;28.465.955.701.394.500;34.214.390.602.055.700;16.1;21278;Mariquina;Los Ríos;14.0
14107;276000.0;18.752.905.925.504.900;1.620.085.757.090.450;24.494.242.141.300.900;17584.0;1245.0;528.0;0.0;0.0;35.394.280.046.288.600;26.459.438.968.915.800;22.5;20188;Paillaco;Los Ríos;4.0
14108;277000.0;2.570.924.636.034.790;2.152.402.020.866.340;2.083.592.777.085.920;30240.0;2217.0;766.0;228.0;0.0;30.479.016.532.428.900;1.953.020.134.228.180;10.5;34539;Panguipulli;Los Ríos;3.0
14201;290000.0;0.0;17.915.209.178.676.300;25.362.855.450.236.900;33556.0;1748.0;0.0;353.0;78.0;31.519.018.008.560.100;28.792.380.286.613.000;17.8;38036;La Union;Los Ríos;42.0
14202;276000.0;24.741.458.306.061.000;18.484.094.776.803.200;2.373.988.799.004.350;13353.0;1241.0;304.0;380.0;0.0;4.729.213.125.199.100;1.422.684.458.398.740;6.47;14665;Futrono;Los Ríos;15.0
14203;290000.0;0.0;21.346.754.599.097.500;2.613.837.965.700.760;8398.0;245.0;0.0;0.0;0.0;4.131.261.889.663.910;2.850.109.409.190.370;5.61;9896;Lago Ranco;Los Ríos;2.0
14204;275000.0;0.0;21.966.311.447.232.700;21.484.824.351.827.200;26640.0;2221.0;0.0;229.0;0.0;3.437.440.305.635.140;234.846.684.097.932;14.2;31372;Rio Bueno;Los Ríos;13.0
15101;350000.0;11.178.228.644.724.200;21.938.166.216.993.200;17.126.150.058.312.800;139953.0;10592.0;4843.0;1994.0;881.0;354.608.964.661.488;3.883.052.047.241.160;0.46;221364;Arica;Arica y Parinacota;477.0
15102;295000.0;7.697.501.688.048.610;3.848.750.844.024.300;20.977.011.494.252.800;1337.0;108.0;0.0;0.0;36.0;8.303.030.303.030.300;0.0;0.32;1255;Camarones;Arica y Parinacota;0.0
15201;370000.0;8.865.248.226.950.350;9.929.078.014.184.390;2.262.773.722.627.730;499.0;37.0;28.0;0.0;0.0;53.125;0.0;0.47;2765;Putre;Arica y Parinacota;0.0
16101;276000.0;52.316.137.343.863.700;21.633.899.064.582.900;2.269.430.612.686.720;166457.0;6680.0;2336.0;650.0;2407.0;2.666.896.903.810.920;4.085.485.147.627.650;361.4;184739;Chillan;Ñuble;505.0
16102;250000.0;34.294.257.814.325.000;3.026.678.503.013.590;4.174.465.626.805.310;20133.0;300.0;256.0;714.0;0.0;21.002.050.230.650.900;22.302.904.564.315.300;50.5;21493;Bulnes;Ñuble;138.0
16103;270000.0;56.624.258.790.122.700;18.794.020.211.018.600;2.344.544.095.665.170;31232.0;2849.0;732.0;0.0;1108.0;3.343.348.355.867.130;4.023.185.916.702.440;105.9;30907;Chillan Viejo;Ñuble;72.0
16104;250000.0;39.346.131.914.084.700;1.608.059.304.314.760;46.823.914.058.851;9564.0;690.0;244.0;24.0;0.0;4.915.210.688.591.980;1.315.108.976.727.000;18.1;12044;El Carmen;Ñuble;6.0
16105;270000.0;19.320.453.031.312.400;13.135.687.319.564.700;33.064.725.760.332.700;7617.0;746.0;614.0;0.0;29.0;4.246.844.319.775.590;17.482.517.482.517.400;15.0;8448;Pemuco;Ñuble;10.0
16106;150000.0;5.784.084.785.342.190;2.256.152.326.208.010;4.584.311.883.513.380;10723.0;411.0;0.0;0.0;0.0;5.665.569.847.442.410;345.707.656.612.529;9.3;10827;Pinto;Ñuble;17.0
16107;150000.0;30.747.182.593.967.800;20.226.695.329.294.500;4.848.371.861.794.680;12985.0;2162.0;0.0;0.0;204.0;5.254.486.613.709.910;17.575.202.320.965.000;41.3;17485;Quillon;Ñuble;39.0
16108;240000.0;692.138.427.685.537;1.314.929.652.597.180;6.329.177.057.356.600;13880.0;513.0;344.0;0.0;260.0;2.355.181.399.077.970;18.360.711.841.204.600;44.2;16079;San Ignacio;Ñuble;14.0
16109;310000.0;730.672.110.890.238;189.813.571.159.942;1.561.606.739.882.650;16717.0;1667.0;182.0;0.0;47.0;18.782.894.736.842.100;1.323.653.553.942.250;21.6;17787;Yungay;Ñuble;59.0
16201;276000.0;2.403.039.137.733.010;17.837.264.776.040.200;22.148.307.571.903.700;11189.0;130.0;0.0;0.0;0.0;4.124.414.145.717.930;10.641.627.543.035.900;19.7;11594;Quirihue;Ñuble;16.0
16202;220000.0;660.141.133.621.671;25.540.632.824.948.700;2.899.926.953.981.000;3601.0;786.0;0.0;0.0;6.0;6.023.198.011.599.000;9.514.747.859.181.730;8.79;5012;Cobquecura;Ñuble;0.0
16203;280000.0;16.235.343.093.041.000;2.984.805.384.028.300;20.179.618.768.328.400;13468.0;609.0;336.0;0.0;0.0;2.963.195.315.767.460;11.880.530.973.451.300;46.7;15995;Coelemu;Ñuble;6.0
16204;220000.0;0.0;2.411.408.815.903.190;4.187.465.335.551.850;4598.0;30.0;0.0;0.0;0.0;4.659.433.393.610.600;16.218.487.394.957.900;13.0;5213;Ninhue;Ñuble;5.0
16205;200000.0;0.0;16.738.882.554.161.900;5.354.457.572.502.680;4029.0;278.0;0.0;78.0;0.0;3.727.810.650.887.570;2.081.447.963.800.900;17.2;4862;Portezuelo;Ñuble;7.0
16206;300000.0;6.499.193.362.525.920;22.147.960.359.529.800;3.640.449.438.202.240;3634.0;555.0;104.0;0.0;46.0;2.442.839.951.865.220;3.658.064.516.129.030;23.2;5755;Ranquil;Ñuble;10.0
16207;200000.0;17.994.858.611.825.100;15.681.233.933.161.900;4.079.462.786.793.500;4373.0;225.0;0.0;70.0;0.0;4.898.891.063.274.620;1.933.139.534.883.720;17.3;5401;Treguaco;Ñuble;0.0
16301;270000.0;1.135.509.396.636.990;18.706.231.454.005.900;355.711.708.289.811;47750.0;1921.0;272.0;470.0;137.0;3.691.960.574.753.590;24.346.486.159.264.700;60.7;53024;San Carlos;Ñuble;52.0
16302;270000.0;0.0;11.088.537.645.768.100;4.787.735.849.056.600;23557.0;1054.0;0.0;0.0;0.0;345.631.992.382.766;2.556.275.780.789.620;15.1;26881;Coihueco;Ñuble;50.0
16303;270000.0;8.734.628.203.654.750;2.878.979.427.651.990;5.232.942.590.922.750;8302.0;325.0;0.0;60.0;14.0;38.885.288.399.222.200;26.296.782.665.791.100;22.6;11152;Niquen;Ñuble;4.0
16304;200000.0;12.519.561.815.336.400;21.784.037.558.685.400;366.064.414.768.264;2885.0;208.0;0.0;102.0;0.0;480.461.811.722.913;17.055.837.563.451.700;2.75;4308;San Fabian;Ñuble;8.0
16305;270000.0;3.950.441.758.911.340;2.744.998.476.693.400;5.209.173.922.276.490;8178.0;715.0;954.0;0.0;0.0;3.427.872.860.635.690;1.333.961.819.467.350;23.7;11603;San Nicolas;Ñuble;19.0
